case,rows,cols,rank,julia_exact_s,julia_randomized_s,c_exact_s,c_randomized_s,lapack_s,julia_randomized_bytes,julia_exact_bytes,optimal_error,julia_error,c_error,julia_psnr,optimal_psnr
decay_square,128,128,16,0.010932737,0.002050261,0.011093621,0.002214357,0.007259892,336152,2765736,0.220510267,0.22090066,0.220944402,NaN,NaN
decay_tall,256,96,16,0.011732238,0.0020639,0.013382236,0.002965968,0.004131016,311576,2295976,0.132515901,0.132546562,0.132586568,NaN,NaN
decay_wide,96,256,16,0.011618563,0.002355111,0.013330148,0.003484971,0.004743109,557336,2689280,0.132515901,0.132564346,0.132539569,NaN,NaN
flat_spectrum,128,128,16,0.011130326,0.001608155,0.011394466,0.002271227,0.004614463,336152,2765736,0.788256206,0.811641807,0.811600426,NaN,NaN
rank_deficient,96,64,8,0.001893413,0.000884719,0.001743014,0.000846997999,0.000994224,120792,793848,3.27086409e-16,1.29288882e-15,9.25541391e-16,NaN,NaN
zero,64,64,8,0.000396562,0.00137524,0.000408987,0.001520591,0.000134561,116504,694968,0,0,0,NaN,NaN
landscape_256,256,256,20,0.081110811,0.004538148,0.094922305,0.004429212,0.018285745,721912,11034368,0.136531111,0.139647907,0.139041179,23.3061,23.5022
landscape_512,512,512,20,0.872450705,0.01086479,1.24360377,0.012879594,0.1446022,1344504,44087040,0.156202809,0.158945802,0.158860784,22.1528,22.304
city_256,256,256,20,0.085540053,0.006707971,0.097352447,0.008489707,0.018330087,721912,11034368,0.11636985,0.11832134,0.118298257,24.9635,25.1079
city_512,512,512,20,1.11457872,0.011724667,1.02490141,0.012286587,0.1704395,1344504,44087040,0.141083045,0.143373649,0.143535046,23.2322,23.372
lake_256,256,256,20,0.078067798,0.004395353,0.094672771,0.004142601,0.018296621,721912,11034368,0.0861081492,0.0874658082,0.087388376,26.399,26.5349
lake_512,512,512,20,0.884286471,0.011518091,1.02608564,0.011749957,0.147335395,1344504,44087040,0.0988960371,0.10035295,0.100497116,25.1923,25.3193
